{"cameraMode":{"drawMode":0,"name":"Shaded","section":"Shading Mode"},"sceneLighting":false,"audioPlay":false,"sceneViewState":{"showFog":true,"showMaterialUpdate":false,"showSkybox":false,"showFlares":true,"showImageEffects":true,"showParticleSystems":true},"in2DMode":false,"pivot":{"x":3.5399999618530275,"y":2.0399999618530275,"z":7.429999828338623},"rotation":{"x":-0.03436279296875,"y":0.08683861047029495,"z":0.0029971105977892877,"w":0.9956257343292236},"size":22.0,"orthographic":false}