{"cameraMode":{"drawMode":0,"name":"Shaded","section":"Shading Mode"},"sceneLighting":true,"audioPlay":false,"sceneViewState":{"showFog":true,"showMaterialUpdate":true,"showSkybox":true,"showFlares":true,"showImageEffects":true,"showParticleSystems":true},"in2DMode":false,"pivot":{"x":3.317232608795166,"y":-1.8036354780197144,"z":3.7957050800323488},"rotation":{"x":-0.22475531697273255,"y":-0.3857554793357849,"z":0.09747280180454254,"w":-0.8894829154014587},"size":9.960529327392579,"orthographic":false}