{"cameraMode":{"drawMode":0,"name":"Shaded","section":"Shading Mode"},"sceneLighting":true,"audioPlay":false,"sceneViewState":{"showFog":true,"showMaterialUpdate":true,"showSkybox":true,"showFlares":true,"showImageEffects":true,"showParticleSystems":true},"in2DMode":false,"pivot":{"x":-0.04352918267250061,"y":1.847923994064331,"z":-0.34390807151794436},"rotation":{"x":0.06580852717161179,"y":0.06580853462219238,"z":-0.004349682480096817,"w":0.9956507086753845},"size":4.338179588317871,"orthographic":false}