{"cameraMode":{"drawMode":1,"name":"Wireframe","section":"Shading Mode"},"sceneLighting":false,"audioPlay":false,"sceneViewState":{"showFog":true,"showMaterialUpdate":false,"showSkybox":false,"showFlares":true,"showImageEffects":true,"showParticleSystems":true},"in2DMode":false,"pivot":{"x":-0.8470858335494995,"y":0.8397220373153687,"z":0.0},"rotation":{"x":0.029374785721302034,"y":-0.03777504339814186,"z":0.0011109093902632595,"w":0.9988550543785095},"size":2.8977878093719484,"orthographic":true}